{
  "project_info": {
    "project_number": "276346320191",
    "project_id": "spiritual-aloe-373009",
    "storage_bucket": "spiritual-aloe-373009.appspot.com"
  },
  "client": [
    {
      "client_info": {
        "mobilesdk_app_id": "1:276346320191:android:689b4ea14c495c93ab0f8a",
        "android_client_info": {
          "package_name": "com.example.mechanic"
        }
      },
      "oauth_client": [
        {
          "client_id": "276346320191-iok9djjruf19hiujjjejoavbe7k5m6sg.apps.googleusercontent.com",
          "client_type": 3
        }
      ],
      "api_key": [
        {
          "current_key": "AIzaSyCWjxhHeGd-7fsgjao6e_v67cXa1VBqAV0"
        }
      ],
      "services": {
        "appinvite_service": {
          "other_platform_oauth_client": [
            {
              "client_id": "276346320191-iok9djjruf19hiujjjejoavbe7k5m6sg.apps.googleusercontent.com",
              "client_type": 3
            }
          ]
        }
      }
    }
  ],
  "configuration_version": "1"
}